{"lr-AdamW": 0.0004429211904319999, "trainer/global_step": 3274, "_timestamp": 1708087664.357853, "_runtime": 787.4490449428558, "_step": 3013, "train/loss": 0.0008001544047147036, "temperature": 0.009999994188547134, "kl_div_weight": 0.0, "epoch": 6, "val/codebook_indices": {"_type": "histogram", "values": [1589, 0, 0, 0, 0, 0, 0, 0, 0, 0, 0, 0, 0, 0, 0, 1756, 0, 0, 0, 0, 0, 0, 27, 0, 0, 0, 0, 0, 0, 0, 0, 0, 0, 0, 0, 0, 484, 0, 0, 0, 0, 0, 0, 0, 0, 0, 1064, 1417, 0, 0, 0, 0, 2846, 0, 9, 0, 0, 0, 0, 0, 0, 0, 0, 1048], "bins": [161.0, 188.46875, 215.9375, 243.40625, 270.875, 298.34375, 325.8125, 353.28125, 380.75, 408.21875, 435.6875, 463.15625, 490.625, 518.09375, 545.5625, 573.03125, 600.5, 627.96875, 655.4375, 682.90625, 710.375, 737.84375, 765.3125, 792.78125, 820.25, 847.71875, 875.1875, 902.65625, 930.125, 957.59375, 985.0625, 1012.53125, 1040.0, 1067.46875, 1094.9375, 1122.40625, 1149.875, 1177.34375, 1204.8125, 1232.28125, 1259.75, 1287.21875, 1314.6875, 1342.15625, 1369.625, 1397.09375, 1424.5625, 1452.03125, 1479.5, 1506.96875, 1534.4375, 1561.90625, 1589.375, 1616.84375, 1644.3125, 1671.78125, 1699.25, 1726.71875, 1754.1875, 1781.65625, 1809.125, 1836.59375, 1864.0625, 1891.53125, 1919.0]}, "val/loss": 0.0031281171832233667, "test/loss": 0.0008246072102338076, "_wandb": {"runtime": 786}}